Patient Name,Age,Weight,Day
David,35,210,1
David,35,209,2
David,35,209,3
David,35,209,4
David,35,209,5
David,35,209,6
David,35,209,7
David,35,208,8
David,35,208,9
David,35,208,10
David,35,208,11
David,35,208,12
David,35,208,13
David,35,207,14
David,35,206,15
David,35,206,16
David,35,206,17
David,35,205,18
David,35,205,19
David,35,205,20
David,35,205,21
David,35,204,22
David,35,204,23
David,35,204,24
David,35,203,25
David,35,203,26
David,35,202,27
David,35,202,28
David,35,202,29
David,35,201,30
