Patient Name,Age,Weight,Day
Steve,55,225,1
Steve,55,225,2
Steve,55,225,3
Steve,55,224,4
Steve,55,224,5
Steve,55,224,6
Steve,55,223,7
Steve,55,223,8
Steve,55,223,9
Steve,55,223,10
Steve,55,223,11
Steve,55,222,12
Steve,55,221,13
Steve,55,221,14
Steve,55,221,15
Steve,55,220,16
Steve,55,220,17
Steve,55,219,18
Steve,55,219,19
Steve,55,219,20
Steve,55,218,21
Steve,55,217,22
Steve,55,217,23
Steve,55,217,24
Steve,55,216,25
Steve,55,215,26
Steve,55,215,27
Steve,55,214,28
Steve,55,214,29
Steve,55,214,30
